persona_sk,sexo_cod,edad,alfabetismo_cod,asistencia_escolar,nivel_educativo_cod,cotiza_pension_cod,actividad_economica_cod,sexo,alfabetismo,nivel_educativo,cotiza_pension,actividad_economica,grupo_edad
1,1,5,1,2,2,2,2,Hombre,Alfabeto,Preescolar,No cotiza,Independiente,6-12
2,1,4,1,2,2,2,2,Hombre,Alfabeto,Preescolar,No cotiza,Independiente,0-5
3,1,6,2,2,1,2,5,Hombre,Analfabeto,Ninguno,No cotiza,Ama de casa,6-12
4,2,1,1,2,2,2,5,Mujer,Alfabeto,Preescolar,No cotiza,Ama de casa,0-5
5,2,4,1,1,3,2,4,Mujer,Alfabeto,Primaria,No cotiza,Estudiante,0-5
6,1,4,1,2,2,1,2,Hombre,Alfabeto,Preescolar,Cotiza,Independiente,0-5
7,1,6,1,2,2,2,2,Hombre,Alfabeto,Preescolar,No cotiza,Independiente,6-12
8,1,5,2,2,2,2,1,Hombre,Analfabeto,Preescolar,No cotiza,Empleado,6-12
9,1,5,1,2,2,1,2,Hombre,Alfabeto,Preescolar,Cotiza,Independiente,6-12
10,1,4,1,1,2,2,4,Hombre,Alfabeto,Preescolar,No cotiza,Estudiante,0-5
11,2,2,1,1,2,2,4,Mujer,Alfabeto,Preescolar,No cotiza,Estudiante,0-5
12,1,4,1,1,3,2,4,Hombre,Alfabeto,Primaria,No cotiza,Estudiante,0-5
13,2,6,1,2,2,2,5,Mujer,Alfabeto,Preescolar,No cotiza,Ama de casa,6-12
14,2,5,1,2,2,2,5,Mujer,Alfabeto,Preescolar,No cotiza,Ama de casa,6-12
15,2,6,1,2,3,3,5,Mujer,Alfabeto,Primaria,,Ama de casa,6-12
16,1,6,2,2,1,2,1,Hombre,Analfabeto,Ninguno,No cotiza,Empleado,6-12
17,2,4,1,1,2,2,4,Mujer,Alfabeto,Preescolar,No cotiza,Estudiante,0-5
18,1,1,1,2,2,2,5,Hombre,Alfabeto,Preescolar,No cotiza,Ama de casa,0-5
19,2,6,2,2,1,2,5,Mujer,Analfabeto,Ninguno,No cotiza,Ama de casa,6-12
20,1,2,1,2,2,2,5,Hombre,Alfabeto,Preescolar,No cotiza,Ama de casa,0-5
21,2,3,1,1,2,2,4,Mujer,Alfabeto,Preescolar,No cotiza,Estudiante,0-5
22,2,5,1,2,2,2,3,Mujer,Alfabeto,Preescolar,No cotiza,Desempleado,6-12
23,1,5,2,2,2,2,2,Hombre,Analfabeto,Preescolar,No cotiza,Independiente,6-12
24,1,2,1,1,2,2,4,Hombre,Alfabeto,Preescolar,No cotiza,Estudiante,0-5
25,2,4,1,2,2,2,5,Mujer,Alfabeto,Preescolar,No cotiza,Ama de casa,0-5
26,2,6,2,2,1,2,2,Mujer,Analfabeto,Ninguno,No cotiza,Independiente,6-12
27,1,5,2,2,1,2,2,Hombre,Analfabeto,Ninguno,No cotiza,Independiente,6-12
28,1,3,1,1,2,2,4,Hombre,Alfabeto,Preescolar,No cotiza,Estudiante,0-5
29,1,6,1,2,2,2,5,Hombre,Alfabeto,Preescolar,No cotiza,Ama de casa,6-12
30,1,5,1,2,2,2,3,Hombre,Alfabeto,Preescolar,No cotiza,Desempleado,6-12
31,1,1,1,2,2,2,2,Hombre,Alfabeto,Preescolar,No cotiza,Independiente,0-5
32,1,4,1,2,2,2,4,Hombre,Alfabeto,Preescolar,No cotiza,Estudiante,0-5
33,1,2,1,1,1,2,2,Hombre,Alfabeto,Ninguno,No cotiza,Independiente,0-5
34,1,5,1,2,2,1,3,Hombre,Alfabeto,Preescolar,Cotiza,Desempleado,6-12
35,2,5,1,2,2,1,2,Mujer,Alfabeto,Preescolar,Cotiza,Independiente,6-12
36,1,1,1,1,1,2,2,Hombre,Alfabeto,Ninguno,No cotiza,Independiente,0-5
37,2,4,1,2,2,2,2,Mujer,Alfabeto,Preescolar,No cotiza,Independiente,0-5
38,1,5,1,2,2,2,1,Hombre,Alfabeto,Preescolar,No cotiza,Empleado,6-12
39,2,4,1,2,2,2,3,Mujer,Alfabeto,Preescolar,No cotiza,Desempleado,0-5
40,2,6,2,2,2,2,5,Mujer,Analfabeto,Preescolar,No cotiza,Ama de casa,6-12
41,1,5,1,2,2,2,5,Hombre,Alfabeto,Preescolar,No cotiza,Ama de casa,6-12
42,2,5,1,2,2,2,2,Mujer,Alfabeto,Preescolar,No cotiza,Independiente,6-12
43,1,5,1,2,3,1,2,Hombre,Alfabeto,Primaria,Cotiza,Independiente,6-12
44,1,5,1,2,3,2,2,Hombre,Alfabeto,Primaria,No cotiza,Independiente,6-12
45,2,4,1,2,3,1,2,Mujer,Alfabeto,Primaria,Cotiza,Independiente,0-5
46,2,2,1,1,2,2,2,Mujer,Alfabeto,Preescolar,No cotiza,Independiente,0-5
47,2,5,1,2,3,2,3,Mujer,Alfabeto,Primaria,No cotiza,Desempleado,6-12
48,2,3,1,2,2,2,4,Mujer,Alfabeto,Preescolar,No cotiza,Estudiante,0-5
49,1,6,1,2,2,3,5,Hombre,Alfabeto,Preescolar,,Ama de casa,6-12
50,2,1,2,2,1,2,5,Mujer,Analfabeto,Ninguno,No cotiza,Ama de casa,0-5
51,2,4,1,1,3,2,2,Mujer,Alfabeto,Primaria,No cotiza,Independiente,0-5
52,2,2,2,1,1,2,5,Mujer,Analfabeto,Ninguno,No cotiza,Ama de casa,0-5
53,1,4,1,1,2,1,2,Hombre,Alfabeto,Preescolar,Cotiza,Independiente,0-5
54,1,6,1,2,2,2,1,Hombre,Alfabeto,Preescolar,No cotiza,Empleado,6-12
55,2,2,1,1,2,2,5,Mujer,Alfabeto,Preescolar,No cotiza,Ama de casa,0-5
56,1,3,1,2,2,2,4,Hombre,Alfabeto,Preescolar,No cotiza,Estudiante,0-5
57,1,4,1,2,2,2,3,Hombre,Alfabeto,Preescolar,No cotiza,Desempleado,0-5
58,1,6,1,2,2,1,2,Hombre,Alfabeto,Preescolar,Cotiza,Independiente,6-12
59,1,4,1,2,3,2,2,Hombre,Alfabeto,Primaria,No cotiza,Independiente,0-5
60,1,6,1,2,2,2,3,Hombre,Alfabeto,Preescolar,No cotiza,Desempleado,6-12
61,2,1,1,1,1,2,5,Mujer,Alfabeto,Ninguno,No cotiza,Ama de casa,0-5
62,1,6,1,2,2,3,1,Hombre,Alfabeto,Preescolar,,Empleado,6-12
63,1,5,1,2,3,2,1,Hombre,Alfabeto,Primaria,No cotiza,Empleado,6-12
64,2,5,1,2,2,1,5,Mujer,Alfabeto,Preescolar,Cotiza,Ama de casa,6-12
65,2,3,1,1,2,1,4,Mujer,Alfabeto,Preescolar,Cotiza,Estudiante,0-5
66,2,5,1,2,3,1,2,Mujer,Alfabeto,Primaria,Cotiza,Independiente,6-12
67,2,1,1,2,2,2,2,Mujer,Alfabeto,Preescolar,No cotiza,Independiente,0-5
68,1,4,1,2,2,2,1,Hombre,Alfabeto,Preescolar,No cotiza,Empleado,0-5
69,2,6,1,2,2,3,5,Mujer,Alfabeto,Preescolar,,Ama de casa,6-12
70,2,4,1,2,2,2,1,Mujer,Alfabeto,Preescolar,No cotiza,Empleado,0-5
71,2,6,2,2,2,2,1,Mujer,Analfabeto,Preescolar,No cotiza,Empleado,6-12
72,1,4,1,2,2,2,5,Hombre,Alfabeto,Preescolar,No cotiza,Ama de casa,0-5
73,2,4,1,2,3,2,5,Mujer,Alfabeto,Primaria,No cotiza,Ama de casa,0-5
74,1,5,2,2,1,2,1,Hombre,Analfabeto,Ninguno,No cotiza,Empleado,6-12
75,2,5,1,2,1,2,5,Mujer,Alfabeto,Ninguno,No cotiza,Ama de casa,6-12
76,2,5,2,2,1,2,1,Mujer,Analfabeto,Ninguno,No cotiza,Empleado,6-12
77,1,3,1,2,2,2,5,Hombre,Alfabeto,Preescolar,No cotiza,Ama de casa,0-5
78,2,5,1,2,1,2,3,Mujer,Alfabeto,Ninguno,No cotiza,Desempleado,6-12
79,1,2,1,2,2,2,1,Hombre,Alfabeto,Preescolar,No cotiza,Empleado,0-5
80,2,4,1,2,3,2,2,Mujer,Alfabeto,Primaria,No cotiza,Independiente,0-5
81,2,6,1,2,1,2,5,Mujer,Alfabeto,Ninguno,No cotiza,Ama de casa,6-12
82,2,3,1,2,2,2,5,Mujer,Alfabeto,Preescolar,No cotiza,Ama de casa,0-5
83,2,2,1,2,2,2,4,Mujer,Alfabeto,Preescolar,No cotiza,Estudiante,0-5
84,1,4,2,2,1,2,5,Hombre,Analfabeto,Ninguno,No cotiza,Ama de casa,0-5
85,2,5,2,2,1,2,3,Mujer,Analfabeto,Ninguno,No cotiza,Desempleado,6-12
86,1,5,1,2,2,3,2,Hombre,Alfabeto,Preescolar,,Independiente,6-12
87,1,2,1,1,2,2,2,Hombre,Alfabeto,Preescolar,No cotiza,Independiente,0-5
88,1,5,2,2,1,2,3,Hombre,Analfabeto,Ninguno,No cotiza,Desempleado,6-12
89,2,5,1,2,3,1,5,Mujer,Alfabeto,Primaria,Cotiza,Ama de casa,6-12
90,2,6,1,2,2,2,1,Mujer,Alfabeto,Preescolar,No cotiza,Empleado,6-12
91,2,4,1,2,3,2,3,Mujer,Alfabeto,Primaria,No cotiza,Desempleado,0-5
92,2,5,1,2,3,2,5,Mujer,Alfabeto,Primaria,No cotiza,Ama de casa,6-12
93,1,6,1,1,3,3,5,Hombre,Alfabeto,Primaria,,Ama de casa,6-12
94,1,6,1,2,1,2,1,Hombre,Alfabeto,Ninguno,No cotiza,Empleado,6-12
95,1,2,1,1,2,2,5,Hombre,Alfabeto,Preescolar,No cotiza,Ama de casa,0-5
96,1,6,1,2,3,3,5,Hombre,Alfabeto,Primaria,,Ama de casa,6-12
97,2,5,2,2,1,2,5,Mujer,Analfabeto,Ninguno,No cotiza,Ama de casa,6-12
98,1,5,2,2,1,2,5,Hombre,Analfabeto,Ninguno,No cotiza,Ama de casa,6-12
99,2,4,1,1,3,1,2,Mujer,Alfabeto,Primaria,Cotiza,Independiente,0-5
100,1,5,1,2,1,2,3,Hombre,Alfabeto,Ninguno,No cotiza,Desempleado,6-12
101,1,1,2,1,1,2,5,Hombre,Analfabeto,Ninguno,No cotiza,Ama de casa,0-5
102,2,1,2,1,1,2,5,Mujer,Analfabeto,Ninguno,No cotiza,Ama de casa,0-5
103,2,6,2,2,1,2,1,Mujer,Analfabeto,Ninguno,No cotiza,Empleado,6-12
104,2,4,1,1,3,2,5,Mujer,Alfabeto,Primaria,No cotiza,Ama de casa,0-5
105,2,4,1,2,2,1,2,Mujer,Alfabeto,Preescolar,Cotiza,Independiente,0-5
106,2,2,1,2,2,2,5,Mujer,Alfabeto,Preescolar,No cotiza,Ama de casa,0-5
107,1,4,1,2,3,1,2,Hombre,Alfabeto,Primaria,Cotiza,Independiente,0-5
108,2,2,2,1,2,2,5,Mujer,Analfabeto,Preescolar,No cotiza,Ama de casa,0-5
109,1,6,1,2,1,2,2,Hombre,Alfabeto,Ninguno,No cotiza,Independiente,6-12
110,1,2,2,1,1,2,2,Hombre,Analfabeto,Ninguno,No cotiza,Independiente,0-5
111,1,4,1,2,3,2,3,Hombre,Alfabeto,Primaria,No cotiza,Desempleado,0-5
112,2,2,2,1,2,2,4,Mujer,Analfabeto,Preescolar,No cotiza,Estudiante,0-5
113,2,5,1,1,2,1,2,Mujer,Alfabeto,Preescolar,Cotiza,Independiente,6-12
114,1,6,1,2,3,2,4,Hombre,Alfabeto,Primaria,No cotiza,Estudiante,6-12
115,2,5,1,1,2,2,5,Mujer,Alfabeto,Preescolar,No cotiza,Ama de casa,6-12
116,1,3,2,2,2,2,2,Hombre,Analfabeto,Preescolar,No cotiza,Independiente,0-5
117,1,2,1,2,2,2,4,Hombre,Alfabeto,Preescolar,No cotiza,Estudiante,0-5
118,1,4,1,1,3,1,2,Hombre,Alfabeto,Primaria,Cotiza,Independiente,0-5
119,1,3,1,2,2,2,3,Hombre,Alfabeto,Preescolar,No cotiza,Desempleado,0-5
120,1,6,2,2,2,2,5,Hombre,Analfabeto,Preescolar,No cotiza,Ama de casa,6-12
121,1,6,1,2,3,1,2,Hombre,Alfabeto,Primaria,Cotiza,Independiente,6-12
122,1,2,2,1,2,2,5,Hombre,Analfabeto,Preescolar,No cotiza,Ama de casa,0-5
123,2,4,1,1,2,2,3,Mujer,Alfabeto,Preescolar,No cotiza,Desempleado,0-5
124,2,3,1,2,2,2,3,Mujer,Alfabeto,Preescolar,No cotiza,Desempleado,0-5
125,1,5,1,1,2,2,2,Hombre,Alfabeto,Preescolar,No cotiza,Independiente,6-12
126,2,4,1,2,2,2,4,Mujer,Alfabeto,Preescolar,No cotiza,Estudiante,0-5
127,2,6,1,2,2,2,2,Mujer,Alfabeto,Preescolar,No cotiza,Independiente,6-12
128,1,6,1,1,2,2,1,Hombre,Alfabeto,Preescolar,No cotiza,Empleado,6-12
129,1,2,2,1,1,2,5,Hombre,Analfabeto,Ninguno,No cotiza,Ama de casa,0-5
130,2,5,1,2,2,2,1,Mujer,Alfabeto,Preescolar,No cotiza,Empleado,6-12
131,1,6,1,2,3,2,1,Hombre,Alfabeto,Primaria,No cotiza,Empleado,6-12
132,2,5,1,2,2,3,5,Mujer,Alfabeto,Preescolar,,Ama de casa,6-12
133,2,5,1,2,3,2,2,Mujer,Alfabeto,Primaria,No cotiza,Independiente,6-12
134,2,5,1,1,2,2,3,Mujer,Alfabeto,Preescolar,No cotiza,Desempleado,6-12
135,1,6,1,2,2,1,5,Hombre,Alfabeto,Preescolar,Cotiza,Ama de casa,6-12
136,2,4,2,2,1,2,1,Mujer,Analfabeto,Ninguno,No cotiza,Empleado,0-5
137,1,6,1,2,3,2,2,Hombre,Alfabeto,Primaria,No cotiza,Independiente,6-12
138,2,2,1,1,1,2,2,Mujer,Alfabeto,Ninguno,No cotiza,Independiente,0-5
139,2,3,1,2,2,2,1,Mujer,Alfabeto,Preescolar,No cotiza,Empleado,0-5
140,1,5,1,1,3,1,2,Hombre,Alfabeto,Primaria,Cotiza,Independiente,6-12
141,1,5,1,2,3,2,3,Hombre,Alfabeto,Primaria,No cotiza,Desempleado,6-12
142,1,5,1,2,1,2,5,Hombre,Alfabeto,Ninguno,No cotiza,Ama de casa,6-12
143,2,2,2,1,2,2,2,Mujer,Analfabeto,Preescolar,No cotiza,Independiente,0-5
144,2,6,1,2,3,2,5,Mujer,Alfabeto,Primaria,No cotiza,Ama de casa,6-12
145,2,4,1,2,3,2,1,Mujer,Alfabeto,Primaria,No cotiza,Empleado,0-5
146,1,5,1,2,3,2,5,Hombre,Alfabeto,Primaria,No cotiza,Ama de casa,6-12
147,1,4,1,2,3,2,1,Hombre,Alfabeto,Primaria,No cotiza,Empleado,0-5
148,2,4,1,1,2,2,2,Mujer,Alfabeto,Preescolar,No cotiza,Independiente,0-5
149,2,4,1,1,2,2,5,Mujer,Alfabeto,Preescolar,No cotiza,Ama de casa,0-5
150,1,4,2,2,1,2,2,Hombre,Analfabeto,Ninguno,No cotiza,Independiente,0-5
151,2,6,1,2,2,2,3,Mujer,Alfabeto,Preescolar,No cotiza,Desempleado,6-12
152,2,5,1,2,1,2,1,Mujer,Alfabeto,Ninguno,No cotiza,Empleado,6-12
153,1,4,1,1,2,2,2,Hombre,Alfabeto,Preescolar,No cotiza,Independiente,0-5
154,1,6,2,2,1,3,5,Hombre,Analfabeto,Ninguno,,Ama de casa,6-12
155,1,5,1,2,2,1,5,Hombre,Alfabeto,Preescolar,Cotiza,Ama de casa,6-12
156,2,2,1,2,2,2,1,Mujer,Alfabeto,Preescolar,No cotiza,Empleado,0-5
157,2,6,1,2,3,1,2,Mujer,Alfabeto,Primaria,Cotiza,Independiente,6-12
158,1,6,2,2,1,2,2,Hombre,Analfabeto,Ninguno,No cotiza,Independiente,6-12
159,2,5,1,2,2,1,3,Mujer,Alfabeto,Preescolar,Cotiza,Desempleado,6-12
160,2,4,1,2,3,2,4,Mujer,Alfabeto,Primaria,No cotiza,Estudiante,0-5
161,1,2,1,1,1,2,5,Hombre,Alfabeto,Ninguno,No cotiza,Ama de casa,0-5
162,1,6,2,2,2,2,2,Hombre,Analfabeto,Preescolar,No cotiza,Independiente,6-12
163,1,4,2,2,1,2,3,Hombre,Analfabeto,Ninguno,No cotiza,Desempleado,0-5
164,2,3,1,1,2,2,5,Mujer,Alfabeto,Preescolar,No cotiza,Ama de casa,0-5
165,1,3,1,1,2,2,1,Hombre,Alfabeto,Preescolar,No cotiza,Empleado,0-5
166,2,5,1,2,3,2,1,Mujer,Alfabeto,Primaria,No cotiza,Empleado,6-12
167,1,2,1,2,2,2,2,Hombre,Alfabeto,Preescolar,No cotiza,Independiente,0-5
168,1,4,1,1,2,2,3,Hombre,Alfabeto,Preescolar,No cotiza,Desempleado,0-5
169,2,6,1,1,2,1,5,Mujer,Alfabeto,Preescolar,Cotiza,Ama de casa,6-12
170,1,4,1,2,2,1,3,Hombre,Alfabeto,Preescolar,Cotiza,Desempleado,0-5
171,1,3,1,2,2,2,1,Hombre,Alfabeto,Preescolar,No cotiza,Empleado,0-5
172,2,4,1,1,3,2,3,Mujer,Alfabeto,Primaria,No cotiza,Desempleado,0-5
173,1,3,2,1,2,2,4,Hombre,Analfabeto,Preescolar,No cotiza,Estudiante,0-5
174,2,5,1,1,3,1,2,Mujer,Alfabeto,Primaria,Cotiza,Independiente,6-12
175,1,4,1,1,3,2,3,Hombre,Alfabeto,Primaria,No cotiza,Desempleado,0-5
176,1,1,2,2,1,2,5,Hombre,Analfabeto,Ninguno,No cotiza,Ama de casa,0-5
177,1,5,1,2,1,2,1,Hombre,Alfabeto,Ninguno,No cotiza,Empleado,6-12
178,1,6,2,2,2,2,1,Hombre,Analfabeto,Preescolar,No cotiza,Empleado,6-12
179,2,6,1,2,2,1,5,Mujer,Alfabeto,Preescolar,Cotiza,Ama de casa,6-12
180,2,6,1,2,2,1,2,Mujer,Alfabeto,Preescolar,Cotiza,Independiente,6-12
181,2,6,1,2,1,2,1,Mujer,Alfabeto,Ninguno,No cotiza,Empleado,6-12
182,1,4,1,1,2,2,1,Hombre,Alfabeto,Preescolar,No cotiza,Empleado,0-5
183,1,2,1,2,1,2,5,Hombre,Alfabeto,Ninguno,No cotiza,Ama de casa,0-5
184,2,6,1,1,2,2,2,Mujer,Alfabeto,Preescolar,No cotiza,Independiente,6-12
185,2,5,2,2,2,2,5,Mujer,Analfabeto,Preescolar,No cotiza,Ama de casa,6-12
186,1,5,2,2,2,2,3,Hombre,Analfabeto,Preescolar,No cotiza,Desempleado,6-12
187,1,1,2,1,1,2,2,Hombre,Analfabeto,Ninguno,No cotiza,Independiente,0-5
188,2,6,1,1,2,2,5,Mujer,Alfabeto,Preescolar,No cotiza,Ama de casa,6-12
189,2,6,1,2,3,1,5,Mujer,Alfabeto,Primaria,Cotiza,Ama de casa,6-12
190,1,6,1,2,2,3,2,Hombre,Alfabeto,Preescolar,,Independiente,6-12
191,1,4,1,2,2,1,1,Hombre,Alfabeto,Preescolar,Cotiza,Empleado,0-5
192,1,1,1,1,1,2,5,Hombre,Alfabeto,Ninguno,No cotiza,Ama de casa,0-5
193,1,2,2,2,1,2,5,Hombre,Analfabeto,Ninguno,No cotiza,Ama de casa,0-5
194,2,4,1,1,2,1,2,Mujer,Alfabeto,Preescolar,Cotiza,Independiente,0-5
195,1,2,2,2,1,2,2,Hombre,Analfabeto,Ninguno,No cotiza,Independiente,0-5
196,2,2,1,1,1,2,5,Mujer,Alfabeto,Ninguno,No cotiza,Ama de casa,0-5
197,1,4,1,1,2,1,4,Hombre,Alfabeto,Preescolar,Cotiza,Estudiante,0-5
198,2,4,1,1,3,1,4,Mujer,Alfabeto,Primaria,Cotiza,Estudiante,0-5
199,2,3,1,1,3,2,4,Mujer,Alfabeto,Primaria,No cotiza,Estudiante,0-5
200,1,2,2,1,2,2,4,Hombre,Analfabeto,Preescolar,No cotiza,Estudiante,0-5
201,2,4,1,1,3,2,1,Mujer,Alfabeto,Primaria,No cotiza,Empleado,0-5
202,2,1,1,1,2,2,2,Mujer,Alfabeto,Preescolar,No cotiza,Independiente,0-5
203,2,6,1,2,2,3,1,Mujer,Alfabeto,Preescolar,,Empleado,6-12
204,2,6,1,2,3,2,2,Mujer,Alfabeto,Primaria,No cotiza,Independiente,6-12
205,1,6,1,1,2,2,2,Hombre,Alfabeto,Preescolar,No cotiza,Independiente,6-12
206,2,4,1,2,2,1,5,Mujer,Alfabeto,Preescolar,Cotiza,Ama de casa,0-5
207,2,6,2,1,1,3,5,Mujer,Analfabeto,Ninguno,,Ama de casa,6-12
208,2,4,2,2,1,2,5,Mujer,Analfabeto,Ninguno,No cotiza,Ama de casa,0-5
209,1,6,1,2,1,2,5,Hombre,Alfabeto,Ninguno,No cotiza,Ama de casa,6-12
210,1,6,2,2,1,2,3,Hombre,Analfabeto,Ninguno,No cotiza,Desempleado,6-12
211,2,4,1,1,2,1,4,Mujer,Alfabeto,Preescolar,Cotiza,Estudiante,0-5
212,2,1,2,2,1,2,2,Mujer,Analfabeto,Ninguno,No cotiza,Independiente,0-5
213,1,5,2,2,1,1,2,Hombre,Analfabeto,Ninguno,Cotiza,Independiente,6-12
214,1,6,1,2,1,1,5,Hombre,Alfabeto,Ninguno,Cotiza,Ama de casa,6-12
215,2,5,2,1,2,1,2,Mujer,Analfabeto,Preescolar,Cotiza,Independiente,6-12
216,1,5,1,2,1,2,2,Hombre,Alfabeto,Ninguno,No cotiza,Independiente,6-12
217,2,5,2,2,1,2,2,Mujer,Analfabeto,Ninguno,No cotiza,Independiente,6-12
218,2,6,1,2,2,1,1,Mujer,Alfabeto,Preescolar,Cotiza,Empleado,6-12
219,2,4,1,2,3,1,4,Mujer,Alfabeto,Primaria,Cotiza,Estudiante,0-5
220,2,1,2,1,1,2,2,Mujer,Analfabeto,Ninguno,No cotiza,Independiente,0-5
221,2,4,1,2,2,1,3,Mujer,Alfabeto,Preescolar,Cotiza,Desempleado,0-5
222,2,4,1,1,3,1,3,Mujer,Alfabeto,Primaria,Cotiza,Desempleado,0-5
223,1,4,1,2,3,1,3,Hombre,Alfabeto,Primaria,Cotiza,Desempleado,0-5
224,1,5,2,2,2,2,5,Hombre,Analfabeto,Preescolar,No cotiza,Ama de casa,6-12
225,2,5,2,2,2,2,2,Mujer,Analfabeto,Preescolar,No cotiza,Independiente,6-12
226,2,6,2,2,1,2,3,Mujer,Analfabeto,Ninguno,No cotiza,Desempleado,6-12
227,1,6,1,1,2,3,5,Hombre,Alfabeto,Preescolar,,Ama de casa,6-12
228,2,5,1,1,2,2,4,Mujer,Alfabeto,Preescolar,No cotiza,Estudiante,6-12
229,1,3,1,1,2,2,3,Hombre,Alfabeto,Preescolar,No cotiza,Desempleado,0-5
230,1,4,2,2,1,2,1,Hombre,Analfabeto,Ninguno,No cotiza,Empleado,0-5
231,1,5,1,1,2,1,2,Hombre,Alfabeto,Preescolar,Cotiza,Independiente,6-12
232,2,3,1,1,3,2,1,Mujer,Alfabeto,Primaria,No cotiza,Empleado,0-5
233,1,5,1,2,2,1,1,Hombre,Alfabeto,Preescolar,Cotiza,Empleado,6-12
234,1,3,1,2,2,2,2,Hombre,Alfabeto,Preescolar,No cotiza,Independiente,0-5
235,2,1,1,1,1,2,2,Mujer,Alfabeto,Ninguno,No cotiza,Independiente,0-5
236,1,6,1,2,2,1,1,Hombre,Alfabeto,Preescolar,Cotiza,Empleado,6-12
237,2,5,1,1,3,2,2,Mujer,Alfabeto,Primaria,No cotiza,Independiente,6-12
238,1,6,1,2,3,1,5,Hombre,Alfabeto,Primaria,Cotiza,Ama de casa,6-12
239,1,4,1,1,3,2,2,Hombre,Alfabeto,Primaria,No cotiza,Independiente,0-5
240,1,5,1,2,3,1,3,Hombre,Alfabeto,Primaria,Cotiza,Desempleado,6-12
241,2,5,2,2,2,2,3,Mujer,Analfabeto,Preescolar,No cotiza,Desempleado,6-12
242,2,6,1,2,2,3,2,Mujer,Alfabeto,Preescolar,,Independiente,6-12
243,1,6,2,1,1,2,5,Hombre,Analfabeto,Ninguno,No cotiza,Ama de casa,6-12
244,1,6,1,2,3,3,2,Hombre,Alfabeto,Primaria,,Independiente,6-12
245,1,4,2,1,1,2,1,Hombre,Analfabeto,Ninguno,No cotiza,Empleado,0-5
246,1,5,1,2,3,3,5,Hombre,Alfabeto,Primaria,,Ama de casa,6-12
247,1,5,2,2,2,1,2,Hombre,Analfabeto,Preescolar,Cotiza,Independiente,6-12
248,1,6,1,2,3,2,5,Hombre,Alfabeto,Primaria,No cotiza,Ama de casa,6-12
249,2,5,1,1,2,2,2,Mujer,Alfabeto,Preescolar,No cotiza,Independiente,6-12
250,2,6,1,2,1,3,5,Mujer,Alfabeto,Ninguno,,Ama de casa,6-12
251,1,5,1,2,2,3,1,Hombre,Alfabeto,Preescolar,,Empleado,6-12
252,2,2,2,2,1,2,1,Mujer,Analfabeto,Ninguno,No cotiza,Empleado,0-5
253,2,6,2,2,1,3,5,Mujer,Analfabeto,Ninguno,,Ama de casa,6-12
254,1,2,1,1,2,2,1,Hombre,Alfabeto,Preescolar,No cotiza,Empleado,0-5
255,1,3,2,2,1,2,1,Hombre,Analfabeto,Ninguno,No cotiza,Empleado,0-5
256,1,1,2,2,1,2,2,Hombre,Analfabeto,Ninguno,No cotiza,Independiente,0-5
257,1,4,2,2,2,2,2,Hombre,Analfabeto,Preescolar,No cotiza,Independiente,0-5
258,1,6,1,2,2,1,3,Hombre,Alfabeto,Preescolar,Cotiza,Desempleado,6-12
259,1,3,2,2,1,2,5,Hombre,Analfabeto,Ninguno,No cotiza,Ama de casa,0-5
260,2,3,1,1,2,2,1,Mujer,Alfabeto,Preescolar,No cotiza,Empleado,0-5
261,2,5,1,1,3,2,4,Mujer,Alfabeto,Primaria,No cotiza,Estudiante,6-12
262,1,3,1,1,2,3,4,Hombre,Alfabeto,Preescolar,,Estudiante,0-5
263,1,6,2,2,2,2,3,Hombre,Analfabeto,Preescolar,No cotiza,Desempleado,6-12
264,2,4,1,1,2,2,1,Mujer,Alfabeto,Preescolar,No cotiza,Empleado,0-5
265,2,6,1,2,1,2,2,Mujer,Alfabeto,Ninguno,No cotiza,Independiente,6-12
266,1,2,1,1,1,2,4,Hombre,Alfabeto,Ninguno,No cotiza,Estudiante,0-5
267,2,4,1,2,3,1,5,Mujer,Alfabeto,Primaria,Cotiza,Ama de casa,0-5
268,2,5,1,2,3,1,3,Mujer,Alfabeto,Primaria,Cotiza,Desempleado,6-12
269,2,2,2,1,2,2,1,Mujer,Analfabeto,Preescolar,No cotiza,Empleado,0-5
270,1,5,1,1,2,2,3,Hombre,Alfabeto,Preescolar,No cotiza,Desempleado,6-12
271,2,5,1,1,3,2,3,Mujer,Alfabeto,Primaria,No cotiza,Desempleado,6-12
272,2,5,1,1,2,2,1,Mujer,Alfabeto,Preescolar,No cotiza,Empleado,6-12
273,1,4,2,2,2,2,1,Hombre,Analfabeto,Preescolar,No cotiza,Empleado,0-5
274,2,6,2,2,2,1,5,Mujer,Analfabeto,Preescolar,Cotiza,Ama de casa,6-12
275,1,2,2,1,1,2,4,Hombre,Analfabeto,Ninguno,No cotiza,Estudiante,0-5
276,1,4,1,2,2,1,5,Hombre,Alfabeto,Preescolar,Cotiza,Ama de casa,0-5
277,2,5,1,1,3,1,5,Mujer,Alfabeto,Primaria,Cotiza,Ama de casa,6-12
278,2,6,2,2,1,3,1,Mujer,Analfabeto,Ninguno,,Empleado,6-12
279,1,5,1,1,2,2,1,Hombre,Alfabeto,Preescolar,No cotiza,Empleado,6-12
280,2,6,1,1,2,3,5,Mujer,Alfabeto,Preescolar,,Ama de casa,6-12
281,2,2,2,2,1,2,5,Mujer,Analfabeto,Ninguno,No cotiza,Ama de casa,0-5
282,2,1,1,1,2,2,5,Mujer,Alfabeto,Preescolar,No cotiza,Ama de casa,0-5
283,2,4,2,2,2,2,5,Mujer,Analfabeto,Preescolar,No cotiza,Ama de casa,0-5
284,2,5,1,2,3,1,1,Mujer,Alfabeto,Primaria,Cotiza,Empleado,6-12
285,1,4,1,1,3,1,4,Hombre,Alfabeto,Primaria,Cotiza,Estudiante,0-5
286,1,6,1,2,1,3,5,Hombre,Alfabeto,Ninguno,,Ama de casa,6-12
287,1,4,1,2,3,2,4,Hombre,Alfabeto,Primaria,No cotiza,Estudiante,0-5
288,2,5,1,2,2,1,1,Mujer,Alfabeto,Preescolar,Cotiza,Empleado,6-12
289,2,6,2,2,1,1,5,Mujer,Analfabeto,Ninguno,Cotiza,Ama de casa,6-12
290,1,5,1,2,2,2,4,Hombre,Alfabeto,Preescolar,No cotiza,Estudiante,6-12
291,1,6,1,2,3,3,1,Hombre,Alfabeto,Primaria,,Empleado,6-12
292,2,5,1,1,3,2,5,Mujer,Alfabeto,Primaria,No cotiza,Ama de casa,6-12
293,2,4,2,1,2,2,1,Mujer,Analfabeto,Preescolar,No cotiza,Empleado,0-5
294,1,5,1,1,2,2,5,Hombre,Alfabeto,Preescolar,No cotiza,Ama de casa,6-12
295,1,6,1,1,2,2,5,Hombre,Alfabeto,Preescolar,No cotiza,Ama de casa,6-12
296,2,5,1,2,1,1,2,Mujer,Alfabeto,Ninguno,Cotiza,Independiente,6-12
297,2,3,1,2,2,2,2,Mujer,Alfabeto,Preescolar,No cotiza,Independiente,0-5
298,1,6,2,2,1,3,1,Hombre,Analfabeto,Ninguno,,Empleado,6-12
299,1,5,1,2,2,3,5,Hombre,Alfabeto,Preescolar,,Ama de casa,6-12
300,2,6,2,1,1,2,5,Mujer,Analfabeto,Ninguno,No cotiza,Ama de casa,6-12
301,2,5,1,2,2,3,1,Mujer,Alfabeto,Preescolar,,Empleado,6-12
302,1,5,1,2,3,2,4,Hombre,Alfabeto,Primaria,No cotiza,Estudiante,6-12
303,1,5,1,1,3,2,4,Hombre,Alfabeto,Primaria,No cotiza,Estudiante,6-12
304,2,6,1,1,2,2,1,Mujer,Alfabeto,Preescolar,No cotiza,Empleado,6-12
305,1,4,1,1,3,2,1,Hombre,Alfabeto,Primaria,No cotiza,Empleado,0-5
306,1,6,2,2,2,1,2,Hombre,Analfabeto,Preescolar,Cotiza,Independiente,6-12
307,2,5,1,2,3,1,4,Mujer,Alfabeto,Primaria,Cotiza,Estudiante,6-12
308,2,5,1,1,3,1,4,Mujer,Alfabeto,Primaria,Cotiza,Estudiante,6-12
309,2,2,1,2,2,2,2,Mujer,Alfabeto,Preescolar,No cotiza,Independiente,0-5
310,1,5,1,2,2,3,3,Hombre,Alfabeto,Preescolar,,Desempleado,6-12
311,1,3,1,1,1,2,4,Hombre,Alfabeto,Ninguno,No cotiza,Estudiante,0-5
312,2,2,1,1,1,2,4,Mujer,Alfabeto,Ninguno,No cotiza,Estudiante,0-5
313,2,4,1,2,2,1,4,Mujer,Alfabeto,Preescolar,Cotiza,Estudiante,0-5
314,2,6,1,2,2,2,4,Mujer,Alfabeto,Preescolar,No cotiza,Estudiante,6-12
315,2,2,2,2,1,2,4,Mujer,Analfabeto,Ninguno,No cotiza,Estudiante,0-5
316,1,6,1,2,3,1,3,Hombre,Alfabeto,Primaria,Cotiza,Desempleado,6-12
317,2,5,1,1,2,1,3,Mujer,Alfabeto,Preescolar,Cotiza,Desempleado,6-12
318,1,5,1,2,3,1,1,Hombre,Alfabeto,Primaria,Cotiza,Empleado,6-12
319,2,5,1,2,3,3,5,Mujer,Alfabeto,Primaria,,Ama de casa,6-12
320,1,4,1,1,2,2,5,Hombre,Alfabeto,Preescolar,No cotiza,Ama de casa,0-5
321,1,4,2,2,2,1,2,Hombre,Analfabeto,Preescolar,Cotiza,Independiente,0-5
322,1,5,2,2,1,1,3,Hombre,Analfabeto,Ninguno,Cotiza,Desempleado,6-12
323,1,3,1,1,2,1,4,Hombre,Alfabeto,Preescolar,Cotiza,Estudiante,0-5
324,2,2,2,1,1,2,4,Mujer,Analfabeto,Ninguno,No cotiza,Estudiante,0-5
325,1,6,1,2,3,2,3,Hombre,Alfabeto,Primaria,No cotiza,Desempleado,6-12
326,2,3,1,1,2,2,2,Mujer,Alfabeto,Preescolar,No cotiza,Independiente,0-5
327,1,6,2,2,2,1,1,Hombre,Analfabeto,Preescolar,Cotiza,Empleado,6-12
328,2,5,1,2,1,2,2,Mujer,Alfabeto,Ninguno,No cotiza,Independiente,6-12
329,2,4,2,1,2,2,5,Mujer,Analfabeto,Preescolar,No cotiza,Ama de casa,0-5
330,2,2,2,1,1,2,2,Mujer,Analfabeto,Ninguno,No cotiza,Independiente,0-5
331,1,6,2,2,2,3,5,Hombre,Analfabeto,Preescolar,,Ama de casa,6-12
332,1,6,1,2,2,3,3,Hombre,Alfabeto,Preescolar,,Desempleado,6-12
333,2,6,2,1,2,2,1,Mujer,Analfabeto,Preescolar,No cotiza,Empleado,6-12
334,2,5,1,1,1,2,5,Mujer,Alfabeto,Ninguno,No cotiza,Ama de casa,6-12
335,1,5,1,1,3,2,2,Hombre,Alfabeto,Primaria,No cotiza,Independiente,6-12
336,2,6,1,2,3,2,3,Mujer,Alfabeto,Primaria,No cotiza,Desempleado,6-12
337,2,5,1,2,3,3,2,Mujer,Alfabeto,Primaria,,Independiente,6-12
338,2,1,2,1,2,2,5,Mujer,Analfabeto,Preescolar,No cotiza,Ama de casa,0-5
339,1,4,2,2,2,2,5,Hombre,Analfabeto,Preescolar,No cotiza,Ama de casa,0-5
340,2,6,1,2,3,2,1,Mujer,Alfabeto,Primaria,No cotiza,Empleado,6-12
341,2,4,2,1,2,2,4,Mujer,Analfabeto,Preescolar,No cotiza,Estudiante,0-5
342,1,4,1,1,3,1,1,Hombre,Alfabeto,Primaria,Cotiza,Empleado,0-5
343,2,3,2,2,2,2,4,Mujer,Analfabeto,Preescolar,No cotiza,Estudiante,0-5
344,2,5,1,1,3,1,3,Mujer,Alfabeto,Primaria,Cotiza,Desempleado,6-12
345,1,1,2,1,2,2,5,Hombre,Analfabeto,Preescolar,No cotiza,Ama de casa,0-5
346,1,6,1,1,2,1,5,Hombre,Alfabeto,Preescolar,Cotiza,Ama de casa,6-12
347,2,6,2,2,2,3,5,Mujer,Analfabeto,Preescolar,,Ama de casa,6-12
348,1,6,2,1,2,2,5,Hombre,Analfabeto,Preescolar,No cotiza,Ama de casa,6-12
349,2,5,2,1,1,2,5,Mujer,Analfabeto,Ninguno,No cotiza,Ama de casa,6-12
350,1,4,1,2,3,2,5,Hombre,Alfabeto,Primaria,No cotiza,Ama de casa,0-5
351,2,4,2,1,1,2,4,Mujer,Analfabeto,Ninguno,No cotiza,Estudiante,0-5
352,1,6,1,2,1,2,3,Hombre,Alfabeto,Ninguno,No cotiza,Desempleado,6-12
353,1,1,1,2,1,2,5,Hombre,Alfabeto,Ninguno,No cotiza,Ama de casa,0-5
354,1,6,1,1,3,2,1,Hombre,Alfabeto,Primaria,No cotiza,Empleado,6-12
355,2,5,1,1,2,1,5,Mujer,Alfabeto,Preescolar,Cotiza,Ama de casa,6-12
356,2,3,2,2,1,2,1,Mujer,Analfabeto,Ninguno,No cotiza,Empleado,0-5
357,1,4,1,2,3,1,1,Hombre,Alfabeto,Primaria,Cotiza,Empleado,0-5
358,2,2,1,1,2,2,1,Mujer,Alfabeto,Preescolar,No cotiza,Empleado,0-5
359,2,6,2,2,2,2,2,Mujer,Analfabeto,Preescolar,No cotiza,Independiente,6-12
360,2,4,1,2,1,2,1,Mujer,Alfabeto,Ninguno,No cotiza,Empleado,0-5
361,2,5,1,2,2,2,4,Mujer,Alfabeto,Preescolar,No cotiza,Estudiante,6-12
362,1,6,1,1,3,2,5,Hombre,Alfabeto,Primaria,No cotiza,Ama de casa,6-12
363,1,6,1,1,2,1,2,Hombre,Alfabeto,Preescolar,Cotiza,Independiente,6-12
364,1,2,2,1,1,2,1,Hombre,Analfabeto,Ninguno,No cotiza,Empleado,0-5
365,1,6,1,2,3,1,1,Hombre,Alfabeto,Primaria,Cotiza,Empleado,6-12
366,2,4,1,2,1,2,5,Mujer,Alfabeto,Ninguno,No cotiza,Ama de casa,0-5
367,1,1,1,1,2,2,2,Hombre,Alfabeto,Preescolar,No cotiza,Independiente,0-5
368,1,1,1,1,2,2,5,Hombre,Alfabeto,Preescolar,No cotiza,Ama de casa,0-5
369,2,5,2,1,2,2,2,Mujer,Analfabeto,Preescolar,No cotiza,Independiente,6-12
370,2,5,2,2,2,1,2,Mujer,Analfabeto,Preescolar,Cotiza,Independiente,6-12
371,1,5,1,1,3,2,3,Hombre,Alfabeto,Primaria,No cotiza,Desempleado,6-12
372,1,5,1,2,3,1,5,Hombre,Alfabeto,Primaria,Cotiza,Ama de casa,6-12
373,2,3,2,1,2,2,4,Mujer,Analfabeto,Preescolar,No cotiza,Estudiante,0-5
374,1,5,1,1,3,2,1,Hombre,Alfabeto,Primaria,No cotiza,Empleado,6-12
375,1,2,2,2,1,2,1,Hombre,Analfabeto,Ninguno,No cotiza,Empleado,0-5
376,1,2,2,2,2,2,4,Hombre,Analfabeto,Preescolar,No cotiza,Estudiante,0-5
377,1,3,1,1,3,2,4,Hombre,Alfabeto,Primaria,No cotiza,Estudiante,0-5
378,1,5,2,1,1,2,5,Hombre,Analfabeto,Ninguno,No cotiza,Ama de casa,6-12
379,2,6,1,2,2,3,3,Mujer,Alfabeto,Preescolar,,Desempleado,6-12
380,2,5,1,2,2,3,3,Mujer,Alfabeto,Preescolar,,Desempleado,6-12
381,1,4,1,2,2,3,2,Hombre,Alfabeto,Preescolar,,Independiente,0-5
382,2,3,1,1,3,2,2,Mujer,Alfabeto,Primaria,No cotiza,Independiente,0-5
383,1,6,2,2,1,1,2,Hombre,Analfabeto,Ninguno,Cotiza,Independiente,6-12
384,2,1,1,2,1,2,5,Mujer,Alfabeto,Ninguno,No cotiza,Ama de casa,0-5
385,1,3,2,1,2,2,2,Hombre,Analfabeto,Preescolar,No cotiza,Independiente,0-5
386,1,5,1,1,2,2,4,Hombre,Alfabeto,Preescolar,No cotiza,Estudiante,6-12
387,1,2,1,1,1,2,1,Hombre,Alfabeto,Ninguno,No cotiza,Empleado,0-5
388,1,1,2,2,2,2,5,Hombre,Analfabeto,Preescolar,No cotiza,Ama de casa,0-5
389,2,5,1,2,3,2,4,Mujer,Alfabeto,Primaria,No cotiza,Estudiante,6-12
390,1,5,1,2,3,3,2,Hombre,Alfabeto,Primaria,,Independiente,6-12
391,2,6,2,2,1,3,3,Mujer,Analfabeto,Ninguno,,Desempleado,6-12
392,2,6,2,1,2,2,5,Mujer,Analfabeto,Preescolar,No cotiza,Ama de casa,6-12
393,1,4,2,2,1,1,2,Hombre,Analfabeto,Ninguno,Cotiza,Independiente,0-5
394,2,4,1,2,2,1,1,Mujer,Alfabeto,Preescolar,Cotiza,Empleado,0-5
395,1,5,1,1,2,1,3,Hombre,Alfabeto,Preescolar,Cotiza,Desempleado,6-12
396,1,4,1,2,2,3,5,Hombre,Alfabeto,Preescolar,,Ama de casa,0-5
397,2,2,2,2,1,2,2,Mujer,Analfabeto,Ninguno,No cotiza,Independiente,0-5
398,1,6,2,1,2,2,3,Hombre,Analfabeto,Preescolar,No cotiza,Desempleado,6-12
399,1,6,2,2,1,1,1,Hombre,Analfabeto,Ninguno,Cotiza,Empleado,6-12
400,2,4,1,2,1,2,3,Mujer,Alfabeto,Ninguno,No cotiza,Desempleado,0-5
401,1,5,2,1,1,2,3,Hombre,Analfabeto,Ninguno,No cotiza,Desempleado,6-12
402,2,3,1,2,3,2,4,Mujer,Alfabeto,Primaria,No cotiza,Estudiante,0-5
403,1,5,1,2,1,1,2,Hombre,Alfabeto,Ninguno,Cotiza,Independiente,6-12
404,2,6,1,2,1,2,3,Mujer,Alfabeto,Ninguno,No cotiza,Desempleado,6-12
405,1,4,1,1,3,3,4,Hombre,Alfabeto,Primaria,,Estudiante,0-5
406,1,4,1,2,3,3,2,Hombre,Alfabeto,Primaria,,Independiente,0-5
407,1,4,2,2,2,2,3,Hombre,Analfabeto,Preescolar,No cotiza,Desempleado,0-5
408,2,5,2,2,2,2,1,Mujer,Analfabeto,Preescolar,No cotiza,Empleado,6-12
409,2,5,2,2,1,3,2,Mujer,Analfabeto,Ninguno,,Independiente,6-12
410,1,2,2,1,2,2,2,Hombre,Analfabeto,Preescolar,No cotiza,Independiente,0-5
411,2,3,2,2,1,2,5,Mujer,Analfabeto,Ninguno,No cotiza,Ama de casa,0-5
412,1,6,2,2,2,1,5,Hombre,Analfabeto,Preescolar,Cotiza,Ama de casa,6-12
413,2,4,2,2,1,2,3,Mujer,Analfabeto,Ninguno,No cotiza,Desempleado,0-5
414,2,4,2,2,1,2,2,Mujer,Analfabeto,Ninguno,No cotiza,Independiente,0-5
415,1,4,1,2,2,3,1,Hombre,Alfabeto,Preescolar,,Empleado,0-5
416,2,3,1,1,2,3,4,Mujer,Alfabeto,Preescolar,,Estudiante,0-5
417,2,4,1,2,3,1,3,Mujer,Alfabeto,Primaria,Cotiza,Desempleado,0-5
418,1,6,2,2,2,3,1,Hombre,Analfabeto,Preescolar,,Empleado,6-12
419,1,4,2,1,2,2,5,Hombre,Analfabeto,Preescolar,No cotiza,Ama de casa,0-5
420,1,3,1,2,2,3,1,Hombre,Alfabeto,Preescolar,,Empleado,0-5
421,1,3,2,2,2,2,4,Hombre,Analfabeto,Preescolar,No cotiza,Estudiante,0-5
422,2,5,2,2,1,1,2,Mujer,Analfabeto,Ninguno,Cotiza,Independiente,6-12
423,2,6,1,1,3,3,1,Mujer,Alfabeto,Primaria,,Empleado,6-12
424,2,2,1,2,1,2,1,Mujer,Alfabeto,Ninguno,No cotiza,Empleado,0-5
425,1,3,1,1,2,2,2,Hombre,Alfabeto,Preescolar,No cotiza,Independiente,0-5
426,1,3,2,1,2,2,1,Hombre,Analfabeto,Preescolar,No cotiza,Empleado,0-5
427,2,5,2,1,2,2,5,Mujer,Analfabeto,Preescolar,No cotiza,Ama de casa,6-12
428,1,5,2,1,2,2,3,Hombre,Analfabeto,Preescolar,No cotiza,Desempleado,6-12
429,1,6,1,1,3,1,1,Hombre,Alfabeto,Primaria,Cotiza,Empleado,6-12
430,1,5,2,2,1,1,5,Hombre,Analfabeto,Ninguno,Cotiza,Ama de casa,6-12
431,2,6,1,2,3,3,1,Mujer,Alfabeto,Primaria,,Empleado,6-12
432,1,5,2,1,2,2,2,Hombre,Analfabeto,Preescolar,No cotiza,Independiente,6-12
433,1,6,2,2,1,1,3,Hombre,Analfabeto,Ninguno,Cotiza,Desempleado,6-12
434,1,4,2,1,1,2,4,Hombre,Analfabeto,Ninguno,No cotiza,Estudiante,0-5
435,1,6,1,1,1,2,5,Hombre,Alfabeto,Ninguno,No cotiza,Ama de casa,6-12
436,2,3,2,1,1,2,4,Mujer,Analfabeto,Ninguno,No cotiza,Estudiante,0-5
437,1,2,1,2,1,2,2,Hombre,Alfabeto,Ninguno,No cotiza,Independiente,0-5
438,1,4,1,2,1,2,3,Hombre,Alfabeto,Ninguno,No cotiza,Desempleado,0-5
439,2,2,2,2,2,2,5,Mujer,Analfabeto,Preescolar,No cotiza,Ama de casa,0-5
440,1,4,1,1,3,1,5,Hombre,Alfabeto,Primaria,Cotiza,Ama de casa,0-5
441,2,5,1,2,2,3,2,Mujer,Alfabeto,Preescolar,,Independiente,6-12
442,2,5,1,2,1,3,5,Mujer,Alfabeto,Ninguno,,Ama de casa,6-12
443,2,2,1,2,1,2,5,Mujer,Alfabeto,Ninguno,No cotiza,Ama de casa,0-5
444,1,6,2,2,1,1,5,Hombre,Analfabeto,Ninguno,Cotiza,Ama de casa,6-12
445,2,4,1,2,2,3,5,Mujer,Alfabeto,Preescolar,,Ama de casa,0-5
446,2,6,2,2,1,1,1,Mujer,Analfabeto,Ninguno,Cotiza,Empleado,6-12
447,1,4,1,2,2,3,3,Hombre,Alfabeto,Preescolar,,Desempleado,0-5
448,1,5,1,1,3,2,5,Hombre,Alfabeto,Primaria,No cotiza,Ama de casa,6-12
449,2,3,1,1,2,2,3,Mujer,Alfabeto,Preescolar,No cotiza,Desempleado,0-5
450,1,4,1,1,3,1,3,Hombre,Alfabeto,Primaria,Cotiza,Desempleado,0-5
451,2,6,1,2,3,3,2,Mujer,Alfabeto,Primaria,,Independiente,6-12
452,1,3,2,2,2,2,5,Hombre,Analfabeto,Preescolar,No cotiza,Ama de casa,0-5
453,1,4,1,1,3,2,5,Hombre,Alfabeto,Primaria,No cotiza,Ama de casa,0-5
454,1,4,1,2,1,2,1,Hombre,Alfabeto,Ninguno,No cotiza,Empleado,0-5
455,2,5,1,1,2,1,4,Mujer,Alfabeto,Preescolar,Cotiza,Estudiante,6-12
456,1,3,2,1,2,2,5,Hombre,Analfabeto,Preescolar,No cotiza,Ama de casa,0-5
457,2,5,2,2,1,1,5,Mujer,Analfabeto,Ninguno,Cotiza,Ama de casa,6-12
458,1,6,1,1,2,2,3,Hombre,Alfabeto,Preescolar,No cotiza,Desempleado,6-12
459,2,3,2,2,2,2,1,Mujer,Analfabeto,Preescolar,No cotiza,Empleado,0-5
460,2,4,2,1,1,2,2,Mujer,Analfabeto,Ninguno,No cotiza,Independiente,0-5
461,2,6,1,1,3,2,5,Mujer,Alfabeto,Primaria,No cotiza,Ama de casa,6-12
462,1,5,1,2,3,3,1,Hombre,Alfabeto,Primaria,,Empleado,6-12
463,1,4,1,1,2,1,3,Hombre,Alfabeto,Preescolar,Cotiza,Desempleado,0-5
464,2,5,1,1,3,2,1,Mujer,Alfabeto,Primaria,No cotiza,Empleado,6-12
465,1,5,2,2,1,3,1,Hombre,Analfabeto,Ninguno,,Empleado,6-12
466,1,3,1,1,3,2,5,Hombre,Alfabeto,Primaria,No cotiza,Ama de casa,0-5
467,1,3,1,1,2,2,5,Hombre,Alfabeto,Preescolar,No cotiza,Ama de casa,0-5
468,1,6,1,2,1,3,1,Hombre,Alfabeto,Ninguno,,Empleado,6-12
469,1,3,1,2,1,2,1,Hombre,Alfabeto,Ninguno,No cotiza,Empleado,0-5
470,2,6,2,2,2,2,3,Mujer,Analfabeto,Preescolar,No cotiza,Desempleado,6-12
471,2,5,1,1,3,3,5,Mujer,Alfabeto,Primaria,,Ama de casa,6-12
472,2,4,2,2,2,2,3,Mujer,Analfabeto,Preescolar,No cotiza,Desempleado,0-5
473,1,2,2,2,2,2,1,Hombre,Analfabeto,Preescolar,No cotiza,Empleado,0-5
474,1,6,1,1,1,3,1,Hombre,Alfabeto,Ninguno,,Empleado,6-12
475,2,6,1,1,3,1,2,Mujer,Alfabeto,Primaria,Cotiza,Independiente,6-12
476,1,5,2,2,2,1,1,Hombre,Analfabeto,Preescolar,Cotiza,Empleado,6-12
477,1,4,1,2,1,1,2,Hombre,Alfabeto,Ninguno,Cotiza,Independiente,0-5
478,2,1,1,2,1,2,2,Mujer,Alfabeto,Ninguno,No cotiza,Independiente,0-5
479,1,5,2,1,1,2,1,Hombre,Analfabeto,Ninguno,No cotiza,Empleado,6-12
480,2,6,1,2,1,1,5,Mujer,Alfabeto,Ninguno,Cotiza,Ama de casa,6-12
481,1,3,1,2,3,2,2,Hombre,Alfabeto,Primaria,No cotiza,Independiente,0-5
482,1,3,2,2,2,2,1,Hombre,Analfabeto,Preescolar,No cotiza,Empleado,0-5
483,1,2,2,2,2,2,5,Hombre,Analfabeto,Preescolar,No cotiza,Ama de casa,0-5
484,2,3,1,2,2,1,2,Mujer,Alfabeto,Preescolar,Cotiza,Independiente,0-5
485,2,4,2,2,2,2,1,Mujer,Analfabeto,Preescolar,No cotiza,Empleado,0-5
486,2,5,2,2,1,1,1,Mujer,Analfabeto,Ninguno,Cotiza,Empleado,6-12
487,2,4,1,2,3,1,1,Mujer,Alfabeto,Primaria,Cotiza,Empleado,0-5
488,1,6,2,2,2,3,3,Hombre,Analfabeto,Preescolar,,Desempleado,6-12
489,2,3,1,2,3,2,5,Mujer,Alfabeto,Primaria,No cotiza,Ama de casa,0-5
490,1,6,1,2,1,1,2,Hombre,Alfabeto,Ninguno,Cotiza,Independiente,6-12
491,1,1,2,1,2,2,2,Hombre,Analfabeto,Preescolar,No cotiza,Independiente,0-5
492,1,4,2,2,1,3,5,Hombre,Analfabeto,Ninguno,,Ama de casa,0-5
493,2,4,2,2,2,2,2,Mujer,Analfabeto,Preescolar,No cotiza,Independiente,0-5
494,2,4,1,2,2,3,2,Mujer,Alfabeto,Preescolar,,Independiente,0-5
495,1,6,2,1,2,2,2,Hombre,Analfabeto,Preescolar,No cotiza,Independiente,6-12
496,1,6,1,2,2,2,4,Hombre,Alfabeto,Preescolar,No cotiza,Estudiante,6-12
497,2,3,1,1,3,1,2,Mujer,Alfabeto,Primaria,Cotiza,Independiente,0-5
498,2,5,1,1,3,3,2,Mujer,Alfabeto,Primaria,,Independiente,6-12
499,1,6,1,1,3,3,2,Hombre,Alfabeto,Primaria,,Independiente,6-12
500,1,3,1,2,3,2,1,Hombre,Alfabeto,Primaria,No cotiza,Empleado,0-5
501,1,5,1,1,3,1,1,Hombre,Alfabeto,Primaria,Cotiza,Empleado,6-12
502,2,3,2,2,1,2,4,Mujer,Analfabeto,Ninguno,No cotiza,Estudiante,0-5
503,1,2,2,2,1,2,4,Hombre,Analfabeto,Ninguno,No cotiza,Estudiante,0-5
504,2,6,1,2,1,1,1,Mujer,Alfabeto,Ninguno,Cotiza,Empleado,6-12
505,1,2,1,2,2,2,3,Hombre,Alfabeto,Preescolar,No cotiza,Desempleado,0-5
506,2,5,2,1,1,2,4,Mujer,Analfabeto,Ninguno,No cotiza,Estudiante,6-12
507,2,4,1,2,2,3,1,Mujer,Alfabeto,Preescolar,,Empleado,0-5
508,1,4,1,1,2,3,4,Hombre,Alfabeto,Preescolar,,Estudiante,0-5
509,1,3,2,1,1,2,4,Hombre,Analfabeto,Ninguno,No cotiza,Estudiante,0-5
510,2,6,1,1,3,2,3,Mujer,Alfabeto,Primaria,No cotiza,Desempleado,6-12
511,2,4,1,1,1,2,5,Mujer,Alfabeto,Ninguno,No cotiza,Ama de casa,0-5
512,1,2,1,2,1,2,4,Hombre,Alfabeto,Ninguno,No cotiza,Estudiante,0-5
513,1,5,2,1,2,1,2,Hombre,Analfabeto,Preescolar,Cotiza,Independiente,6-12
514,1,3,1,2,2,3,4,Hombre,Alfabeto,Preescolar,,Estudiante,0-5
515,1,5,2,1,1,2,2,Hombre,Analfabeto,Ninguno,No cotiza,Independiente,6-12
516,2,5,1,1,2,3,4,Mujer,Alfabeto,Preescolar,,Estudiante,6-12
517,2,4,1,1,2,1,3,Mujer,Alfabeto,Preescolar,Cotiza,Desempleado,0-5
518,1,6,2,2,1,3,2,Hombre,Analfabeto,Ninguno,,Independiente,6-12
519,2,6,1,1,1,2,5,Mujer,Alfabeto,Ninguno,No cotiza,Ama de casa,6-12
520,2,5,2,2,2,1,5,Mujer,Analfabeto,Preescolar,Cotiza,Ama de casa,6-12
521,1,5,2,1,1,2,4,Hombre,Analfabeto,Ninguno,No cotiza,Estudiante,6-12
522,1,3,1,1,3,2,3,Hombre,Alfabeto,Primaria,No cotiza,Desempleado,0-5
523,2,5,1,1,2,3,5,Mujer,Alfabeto,Preescolar,,Ama de casa,6-12
524,2,6,1,1,3,2,4,Mujer,Alfabeto,Primaria,No cotiza,Estudiante,6-12
525,2,6,2,1,1,2,1,Mujer,Analfabeto,Ninguno,No cotiza,Empleado,6-12
526,2,5,2,1,2,2,1,Mujer,Analfabeto,Preescolar,No cotiza,Empleado,6-12
527,1,3,2,2,1,2,4,Hombre,Analfabeto,Ninguno,No cotiza,Estudiante,0-5
528,1,5,2,2,2,1,5,Hombre,Analfabeto,Preescolar,Cotiza,Ama de casa,6-12
529,2,6,2,2,1,1,2,Mujer,Analfabeto,Ninguno,Cotiza,Independiente,6-12
530,1,5,2,2,1,3,5,Hombre,Analfabeto,Ninguno,,Ama de casa,6-12
531,1,4,2,1,2,1,2,Hombre,Analfabeto,Preescolar,Cotiza,Independiente,0-5
532,2,5,2,2,1,3,5,Mujer,Analfabeto,Ninguno,,Ama de casa,6-12
533,2,4,2,1,2,2,2,Mujer,Analfabeto,Preescolar,No cotiza,Independiente,0-5
534,1,3,2,2,1,2,3,Hombre,Analfabeto,Ninguno,No cotiza,Desempleado,0-5
535,2,6,1,1,2,2,4,Mujer,Alfabeto,Preescolar,No cotiza,Estudiante,6-12
536,2,5,1,2,1,1,3,Mujer,Alfabeto,Ninguno,Cotiza,Desempleado,6-12
537,2,3,1,2,2,1,4,Mujer,Alfabeto,Preescolar,Cotiza,Estudiante,0-5
538,2,2,1,1,1,2,1,Mujer,Alfabeto,Ninguno,No cotiza,Empleado,0-5
539,1,5,1,1,2,1,5,Hombre,Alfabeto,Preescolar,Cotiza,Ama de casa,6-12
540,1,2,1,2,1,2,1,Hombre,Alfabeto,Ninguno,No cotiza,Empleado,0-5
541,2,6,1,2,3,1,1,Mujer,Alfabeto,Primaria,Cotiza,Empleado,6-12
542,1,6,2,2,1,2,4,Hombre,Analfabeto,Ninguno,No cotiza,Estudiante,6-12
543,1,1,1,2,1,2,2,Hombre,Alfabeto,Ninguno,No cotiza,Independiente,0-5
544,2,3,1,1,2,1,2,Mujer,Alfabeto,Preescolar,Cotiza,Independiente,0-5
545,1,4,1,2,1,2,2,Hombre,Alfabeto,Ninguno,No cotiza,Independiente,0-5
546,1,5,2,2,1,2,4,Hombre,Analfabeto,Ninguno,No cotiza,Estudiante,6-12
547,1,3,1,1,2,1,2,Hombre,Alfabeto,Preescolar,Cotiza,Independiente,0-5
548,1,5,1,2,3,1,4,Hombre,Alfabeto,Primaria,Cotiza,Estudiante,6-12
549,2,6,1,2,3,1,4,Mujer,Alfabeto,Primaria,Cotiza,Estudiante,6-12
550,1,5,1,1,3,1,3,Hombre,Alfabeto,Primaria,Cotiza,Desempleado,6-12
551,2,6,1,1,2,1,2,Mujer,Alfabeto,Preescolar,Cotiza,Independiente,6-12
552,2,3,2,1,1,2,5,Mujer,Analfabeto,Ninguno,No cotiza,Ama de casa,0-5
553,1,3,2,1,1,2,5,Hombre,Analfabeto,Ninguno,No cotiza,Ama de casa,0-5
554,1,6,1,2,1,3,2,Hombre,Alfabeto,Ninguno,,Independiente,6-12
555,1,5,1,1,1,2,1,Hombre,Alfabeto,Ninguno,No cotiza,Empleado,6-12
556,1,6,1,1,3,1,2,Hombre,Alfabeto,Primaria,Cotiza,Independiente,6-12
557,1,5,1,1,1,2,5,Hombre,Alfabeto,Ninguno,No cotiza,Ama de casa,6-12
558,2,4,2,2,1,2,4,Mujer,Analfabeto,Ninguno,No cotiza,Estudiante,0-5
559,1,5,2,2,2,3,3,Hombre,Analfabeto,Preescolar,,Desempleado,6-12
560,1,4,1,1,2,1,1,Hombre,Alfabeto,Preescolar,Cotiza,Empleado,0-5
561,1,5,1,1,2,3,2,Hombre,Alfabeto,Preescolar,,Independiente,6-12
562,2,6,1,2,2,1,3,Mujer,Alfabeto,Preescolar,Cotiza,Desempleado,6-12
563,2,2,1,2,1,2,4,Mujer,Alfabeto,Ninguno,No cotiza,Estudiante,0-5
564,1,5,1,1,3,1,5,Hombre,Alfabeto,Primaria,Cotiza,Ama de casa,6-12
565,2,4,1,2,2,3,3,Mujer,Alfabeto,Preescolar,,Desempleado,0-5
566,1,6,1,1,3,2,2,Hombre,Alfabeto,Primaria,No cotiza,Independiente,6-12
567,2,6,1,1,2,1,1,Mujer,Alfabeto,Preescolar,Cotiza,Empleado,6-12
568,2,6,1,1,2,2,3,Mujer,Alfabeto,Preescolar,No cotiza,Desempleado,6-12
569,1,3,1,2,1,2,4,Hombre,Alfabeto,Ninguno,No cotiza,Estudiante,0-5
570,2,4,1,2,1,1,5,Mujer,Alfabeto,Ninguno,Cotiza,Ama de casa,0-5
571,1,4,1,2,1,2,5,Hombre,Alfabeto,Ninguno,No cotiza,Ama de casa,0-5
572,2,4,1,1,2,3,4,Mujer,Alfabeto,Preescolar,,Estudiante,0-5
573,1,4,2,1,2,2,4,Hombre,Analfabeto,Preescolar,No cotiza,Estudiante,0-5
574,2,5,1,2,3,3,3,Mujer,Alfabeto,Primaria,,Desempleado,6-12
575,1,5,1,1,3,1,4,Hombre,Alfabeto,Primaria,Cotiza,Estudiante,6-12
576,2,2,2,2,2,2,1,Mujer,Analfabeto,Preescolar,No cotiza,Empleado,0-5
577,2,6,1,2,3,1,3,Mujer,Alfabeto,Primaria,Cotiza,Desempleado,6-12
578,2,2,1,2,1,2,2,Mujer,Alfabeto,Ninguno,No cotiza,Independiente,0-5
579,2,5,1,1,1,2,4,Mujer,Alfabeto,Ninguno,No cotiza,Estudiante,6-12
580,1,3,2,1,1,2,1,Hombre,Analfabeto,Ninguno,No cotiza,Empleado,0-5
581,2,3,1,2,3,2,1,Mujer,Alfabeto,Primaria,No cotiza,Empleado,0-5
582,2,4,1,2,1,2,2,Mujer,Alfabeto,Ninguno,No cotiza,Independiente,0-5
583,2,1,2,2,2,2,2,Mujer,Analfabeto,Preescolar,No cotiza,Independiente,0-5
584,2,6,1,1,3,3,5,Mujer,Alfabeto,Primaria,,Ama de casa,6-12
585,1,6,1,1,2,1,1,Hombre,Alfabeto,Preescolar,Cotiza,Empleado,6-12
586,2,5,1,1,1,2,2,Mujer,Alfabeto,Ninguno,No cotiza,Independiente,6-12
587,2,4,2,1,1,2,1,Mujer,Analfabeto,Ninguno,No cotiza,Empleado,0-5
588,1,4,1,1,1,2,1,Hombre,Alfabeto,Ninguno,No cotiza,Empleado,0-5
589,2,4,1,1,3,1,1,Mujer,Alfabeto,Primaria,Cotiza,Empleado,0-5
590,2,2,2,2,2,2,4,Mujer,Analfabeto,Preescolar,No cotiza,Estudiante,0-5
591,2,5,2,2,1,3,1,Mujer,Analfabeto,Ninguno,,Empleado,6-12
592,1,3,2,2,1,2,2,Hombre,Analfabeto,Ninguno,No cotiza,Independiente,0-5
593,2,1,2,1,2,2,2,Mujer,Analfabeto,Preescolar,No cotiza,Independiente,0-5
594,1,6,2,1,2,2,1,Hombre,Analfabeto,Preescolar,No cotiza,Empleado,6-12
595,1,3,1,1,1,2,1,Hombre,Alfabeto,Ninguno,No cotiza,Empleado,0-5
596,1,6,2,2,2,3,2,Hombre,Analfabeto,Preescolar,,Independiente,6-12
597,2,4,1,2,3,3,5,Mujer,Alfabeto,Primaria,,Ama de casa,0-5
598,2,3,1,2,2,1,5,Mujer,Alfabeto,Preescolar,Cotiza,Ama de casa,0-5
599,2,1,2,2,2,2,5,Mujer,Analfabeto,Preescolar,No cotiza,Ama de casa,0-5
600,1,2,2,2,2,2,2,Hombre,Analfabeto,Preescolar,No cotiza,Independiente,0-5
601,1,5,2,2,1,3,2,Hombre,Analfabeto,Ninguno,,Independiente,6-12
602,1,6,1,2,1,1,1,Hombre,Alfabeto,Ninguno,Cotiza,Empleado,6-12
603,2,4,1,1,2,1,5,Mujer,Alfabeto,Preescolar,Cotiza,Ama de casa,0-5
604,2,3,1,2,1,2,3,Mujer,Alfabeto,Ninguno,No cotiza,Desempleado,0-5
605,1,6,1,1,1,2,1,Hombre,Alfabeto,Ninguno,No cotiza,Empleado,6-12
606,2,5,2,2,1,1,3,Mujer,Analfabeto,Ninguno,Cotiza,Desempleado,6-12
607,2,5,1,2,1,1,5,Mujer,Alfabeto,Ninguno,Cotiza,Ama de casa,6-12
608,2,6,1,2,1,2,4,Mujer,Alfabeto,Ninguno,No cotiza,Estudiante,6-12
609,1,5,1,1,1,2,2,Hombre,Alfabeto,Ninguno,No cotiza,Independiente,6-12
610,2,3,2,1,2,2,5,Mujer,Analfabeto,Preescolar,No cotiza,Ama de casa,0-5
611,2,6,1,2,1,1,2,Mujer,Alfabeto,Ninguno,Cotiza,Independiente,6-12
612,2,4,1,2,1,1,2,Mujer,Alfabeto,Ninguno,Cotiza,Independiente,0-5
613,2,3,1,1,3,1,4,Mujer,Alfabeto,Primaria,Cotiza,Estudiante,0-5
614,1,6,1,1,3,2,3,Hombre,Alfabeto,Primaria,No cotiza,Desempleado,6-12
615,1,4,2,2,1,1,1,Hombre,Analfabeto,Ninguno,Cotiza,Empleado,0-5
616,1,4,1,2,2,1,4,Hombre,Alfabeto,Preescolar,Cotiza,Estudiante,0-5
617,1,3,1,2,2,1,2,Hombre,Alfabeto,Preescolar,Cotiza,Independiente,0-5
618,1,5,1,2,2,1,4,Hombre,Alfabeto,Preescolar,Cotiza,Estudiante,6-12
619,1,5,1,1,3,3,5,Hombre,Alfabeto,Primaria,,Ama de casa,6-12
620,1,6,1,1,1,2,2,Hombre,Alfabeto,Ninguno,No cotiza,Independiente,6-12
621,1,4,1,2,3,1,5,Hombre,Alfabeto,Primaria,Cotiza,Ama de casa,0-5
622,2,4,2,2,2,1,2,Mujer,Analfabeto,Preescolar,Cotiza,Independiente,0-5
623,2,4,1,2,2,3,4,Mujer,Alfabeto,Preescolar,,Estudiante,0-5
624,1,4,2,1,2,1,3,Hombre,Analfabeto,Preescolar,Cotiza,Desempleado,0-5
625,1,4,2,2,2,2,4,Hombre,Analfabeto,Preescolar,No cotiza,Estudiante,0-5
626,2,6,1,1,3,2,1,Mujer,Alfabeto,Primaria,No cotiza,Empleado,6-12
627,2,3,1,2,1,2,5,Mujer,Alfabeto,Ninguno,No cotiza,Ama de casa,0-5
628,2,3,1,1,3,2,3,Mujer,Alfabeto,Primaria,No cotiza,Desempleado,0-5
629,1,4,2,1,2,2,2,Hombre,Analfabeto,Preescolar,No cotiza,Independiente,0-5
630,2,6,1,1,3,1,5,Mujer,Alfabeto,Primaria,Cotiza,Ama de casa,6-12
631,1,3,1,2,1,2,5,Hombre,Alfabeto,Ninguno,No cotiza,Ama de casa,0-5
632,1,6,1,1,2,3,2,Hombre,Alfabeto,Preescolar,,Independiente,6-12
633,2,5,1,1,2,1,1,Mujer,Alfabeto,Preescolar,Cotiza,Empleado,6-12
634,2,5,2,2,2,3,5,Mujer,Analfabeto,Preescolar,,Ama de casa,6-12
635,2,5,1,1,3,1,1,Mujer,Alfabeto,Primaria,Cotiza,Empleado,6-12
636,2,6,2,2,1,2,4,Mujer,Analfabeto,Ninguno,No cotiza,Estudiante,6-12
637,2,6,1,1,3,2,2,Mujer,Alfabeto,Primaria,No cotiza,Independiente,6-12
638,1,3,1,2,3,2,4,Hombre,Alfabeto,Primaria,No cotiza,Estudiante,0-5
639,1,4,2,1,1,2,5,Hombre,Analfabeto,Ninguno,No cotiza,Ama de casa,0-5
640,1,5,2,1,2,2,1,Hombre,Analfabeto,Preescolar,No cotiza,Empleado,6-12
641,1,4,1,2,3,1,4,Hombre,Alfabeto,Primaria,Cotiza,Estudiante,0-5
642,2,6,1,2,3,2,4,Mujer,Alfabeto,Primaria,No cotiza,Estudiante,6-12
643,2,4,1,1,1,2,4,Mujer,Alfabeto,Ninguno,No cotiza,Estudiante,0-5
644,1,3,1,2,2,3,5,Hombre,Alfabeto,Preescolar,,Ama de casa,0-5
645,1,3,1,2,2,1,4,Hombre,Alfabeto,Preescolar,Cotiza,Estudiante,0-5
646,1,6,2,1,1,2,1,Hombre,Analfabeto,Ninguno,No cotiza,Empleado,6-12
647,1,3,2,2,2,2,3,Hombre,Analfabeto,Preescolar,No cotiza,Desempleado,0-5
648,1,6,1,1,2,2,4,Hombre,Alfabeto,Preescolar,No cotiza,Estudiante,6-12
649,2,3,1,2,2,3,5,Mujer,Alfabeto,Preescolar,,Ama de casa,0-5
650,2,6,1,1,2,3,2,Mujer,Alfabeto,Preescolar,,Independiente,6-12
651,2,6,1,2,1,3,1,Mujer,Alfabeto,Ninguno,,Empleado,6-12
652,2,3,1,2,3,2,2,Mujer,Alfabeto,Primaria,No cotiza,Independiente,0-5
653,2,4,1,1,3,1,5,Mujer,Alfabeto,Primaria,Cotiza,Ama de casa,0-5
654,2,5,2,2,1,2,4,Mujer,Analfabeto,Ninguno,No cotiza,Estudiante,6-12
655,1,6,1,1,3,3,1,Hombre,Alfabeto,Primaria,,Empleado,6-12
656,1,6,1,2,1,2,4,Hombre,Alfabeto,Ninguno,No cotiza,Estudiante,6-12
657,2,5,1,2,3,3,1,Mujer,Alfabeto,Primaria,,Empleado,6-12
658,2,6,2,2,2,3,1,Mujer,Analfabeto,Preescolar,,Empleado,6-12
659,2,4,1,1,3,3,4,Mujer,Alfabeto,Primaria,,Estudiante,0-5
660,2,3,1,1,3,2,5,Mujer,Alfabeto,Primaria,No cotiza,Ama de casa,0-5
661,1,4,1,1,2,1,5,Hombre,Alfabeto,Preescolar,Cotiza,Ama de casa,0-5
662,2,3,1,1,1,2,4,Mujer,Alfabeto,Ninguno,No cotiza,Estudiante,0-5
663,1,5,2,2,2,3,1,Hombre,Analfabeto,Preescolar,,Empleado,6-12
664,2,3,1,2,1,2,1,Mujer,Alfabeto,Ninguno,No cotiza,Empleado,0-5
665,1,5,1,1,2,1,1,Hombre,Alfabeto,Preescolar,Cotiza,Empleado,6-12
666,1,6,1,1,2,3,1,Hombre,Alfabeto,Preescolar,,Empleado,6-12
667,1,4,1,1,1,2,4,Hombre,Alfabeto,Ninguno,No cotiza,Estudiante,0-5
668,1,5,2,1,2,3,5,Hombre,Analfabeto,Preescolar,,Ama de casa,6-12
669,1,5,1,2,1,1,5,Hombre,Alfabeto,Ninguno,Cotiza,Ama de casa,6-12
670,2,4,2,1,1,2,5,Mujer,Analfabeto,Ninguno,No cotiza,Ama de casa,0-5
671,2,4,2,1,2,1,4,Mujer,Analfabeto,Preescolar,Cotiza,Estudiante,0-5
672,2,6,1,1,1,3,5,Mujer,Alfabeto,Ninguno,,Ama de casa,6-12
673,2,4,2,1,2,2,3,Mujer,Analfabeto,Preescolar,No cotiza,Desempleado,0-5
674,1,6,1,1,3,1,5,Hombre,Alfabeto,Primaria,Cotiza,Ama de casa,6-12
675,1,5,2,1,2,2,5,Hombre,Analfabeto,Preescolar,No cotiza,Ama de casa,6-12
676,1,6,2,1,1,2,2,Hombre,Analfabeto,Ninguno,No cotiza,Independiente,6-12
677,1,4,2,1,2,1,4,Hombre,Analfabeto,Preescolar,Cotiza,Estudiante,0-5
678,1,3,1,2,2,1,5,Hombre,Alfabeto,Preescolar,Cotiza,Ama de casa,0-5
679,2,3,1,2,2,3,1,Mujer,Alfabeto,Preescolar,,Empleado,0-5
680,2,6,2,2,2,1,1,Mujer,Analfabeto,Preescolar,Cotiza,Empleado,6-12
681,2,4,1,1,2,1,1,Mujer,Alfabeto,Preescolar,Cotiza,Empleado,0-5
682,2,6,1,2,3,3,4,Mujer,Alfabeto,Primaria,,Estudiante,6-12
683,1,6,1,2,1,1,3,Hombre,Alfabeto,Ninguno,Cotiza,Desempleado,6-12
684,2,4,1,2,1,2,4,Mujer,Alfabeto,Ninguno,No cotiza,Estudiante,0-5
685,1,4,2,2,1,2,4,Hombre,Analfabeto,Ninguno,No cotiza,Estudiante,0-5
686,2,6,1,1,1,2,1,Mujer,Alfabeto,Ninguno,No cotiza,Empleado,6-12
687,2,4,2,1,2,1,2,Mujer,Analfabeto,Preescolar,Cotiza,Independiente,0-5
688,2,5,2,1,1,1,2,Mujer,Analfabeto,Ninguno,Cotiza,Independiente,6-12
689,2,5,1,1,3,3,1,Mujer,Alfabeto,Primaria,,Empleado,6-12
690,1,1,2,2,2,2,2,Hombre,Analfabeto,Preescolar,No cotiza,Independiente,0-5
691,1,6,1,2,2,1,4,Hombre,Alfabeto,Preescolar,Cotiza,Estudiante,6-12
692,1,5,1,2,1,2,4,Hombre,Alfabeto,Ninguno,No cotiza,Estudiante,6-12
693,1,5,1,1,2,3,4,Hombre,Alfabeto,Preescolar,,Estudiante,6-12
694,2,3,1,1,1,2,1,Mujer,Alfabeto,Ninguno,No cotiza,Empleado,0-5
695,2,3,1,2,2,1,1,Mujer,Alfabeto,Preescolar,Cotiza,Empleado,0-5
